Country,Reference,Reference URL
Argentina,"Altimir, O. (1986). Estimaciones de la Distribución del Ingreso en la Argentina, 1953-1980. ""Desarrollo Económico, 25(100), 521"". https://doi.org/10.2307/3466844",https://www.jstor.org/stable/3466844
Argentina,"Alvaredo, F. (2010). The rich in Argentina over the twentieth century 1932-2004. In ""Top incomes: A global perspective"", 253–284. Oxford University Press.","https://books.google.com/books?hl=en&lr=&id=eGaVAwAAQBAJ&oi=fnd&pg=PA253&dq=Alvaredo,+F,+2010,+%E2%80%9CThe+rich+in+Argentina+over+the+twentieth+century+1932-2004%E2%80%9D+in+A+B+Atkinson+and+T+Pikett&ots=wfMrsULQyg&sig=cKqjoYD2Yy5S7HWJOqD5-5yOSLU#v=onepage&q&f=false"
Argentina,"Chancel, L., & Piketty, T. (2021). ""Countries with Regional Income Imputations on WID.world"". WID.world. Retrieved from http://wordpress.wid.world/document/countries-with-regional-income-imputations-on-wid-world-world-inequality-lab-technical-note-2021-15/",http://wordpress.wid.world/document/countries-with-regional-income-imputations-on-wid-world-world-inequality-lab-technical-note-2021-15/
Argentina,"Cruces, G., & Gasparini, L. (2008). A Distribution in Motion: The Case of Argentina. ""Universidad Nacional De La Plata, Centro De Estudios Distributivos, Laborales y Sociales (CEDLAS)"".",https://www.econstor.eu/handle/10419/127594
Argentina,"De Rosa, M., Flores, I., & Morgan, M. (2021). ""2021 DINA Regional Update for Latin America"". WID.world. Retrieved from http://wordpress.wid.world/document/2021-dina-regional-update-for-latin-america-world-inequality-lab-technical-note-2021-7/",http://wordpress.wid.world/document/2021-dina-regional-update-for-latin-america-world-inequality-lab-technical-note-2021-7/
Argentina,"Gasparini, L., Cruces, G., & Tornarolli, L. (2011). Recent trends in income inequality in Latin America. ""Economía, 11(2)"", 147–190. https://doi.org/10.1353/eco.2011.0002",https://muse.jhu.edu/article/430783
Australia,"Atkinson, A. B. (2008). ""The Changing Distribution of earnings in OECD countries"". Oxford University Press.",https://books.google.com/books/about/Top_Incomes.html?id=zLQUDAAAQBAJ
Australia,"Atkinson, A. B., & Leigh, A. (2007). The distribution of top incomes in Australia. ""Economic Record, 83(262)"", 247-261.",https://onlinelibrary.wiley.com/doi/full/10.1111/j.1475-4932.2007.00412.x?casa_token=ppDgrAPAhFIAAAAA%3AR5Wmba9DMv0INE4b4WSFfum5bp2lF9Yu0ohdnGwjzeEDzrh_owtiX16R6WU16jeelDFXQu1euuMbQnI
Australia,"Burkhauser, R. V., Hahn, M. H., & Wilkins, R. (2015). Measuring top incomes using tax record data: A cautionary tale from Australia. ""The Journal of Economic Inequality, 13(2)"", 181-205.",https://link.springer.com/article/10.1007/s10888-014-9281-z
Australia,"Hancock, K. (1971). The economics of social welfare in the 1970s. ""Social Welfare in the 1970s"", Australian Council of Social Service, Sydney.",
Australia,"Ingles, D. (1981). Statistics on the Distribution of Income and Wealth in Australia. ""Research Paper 14"", Department of Social Security, Canberra.",
Australia,"Katic, P., & Leigh, A. (2015). Top wealth shares in Australia 1915-2012. ""Review of Income and Wealth, 62(2)"", 209-222. doi:10.1111/roiw.12177",https://onlinelibrary.wiley.com/doi/full/10.1111/roiw.12177?casa_token=3M4TeVu_58IAAAAA%3AIvfx5mFPbIcwGjGribSoDyK7v9o2w9GXKLObZRstcStBiTmZj2eHQJD8fg81NgCKoPaXOhNjl9g5zKA
Australia,"Matthew, F. (2020). ""Simplified DINA for Australia, Canada and New Zealand"". WID.world. Retrieved from http://wordpress.wid.world/document/simplified-dina-for-australia-canada-and-new-zealand-world-inequality-lab-technical-note-2020-10/",http://wordpress.wid.world/document/simplified-dina-for-australia-canada-and-new-zealand-world-inequality-lab-technical-note-2020-10/
Australia,"Saunders, P. (1993). Longer run changes in the distribution of income in Australia. ""Economic Record, 69(4)"", 353-366. doi:10.1111/j.1475-4932.1993.tb02117.x",https://onlinelibrary.wiley.com/doi/abs/10.1111/j.1475-4932.1993.tb02117.x
Australia,"Wilkins, R. (2014). Evaluating the evidence on income inequality in Australia in the 2000s. ""Economic Record, 90(288)"", 63-89. doi:10.1111/1475-4932.12090",https://onlinelibrary.wiley.com/doi/full/10.1111/1475-4932.12090?casa_token=lXdI0OmcGz8AAAAA%3AlZuGzd-EzHFdKM1WEtAaHj0u4mKMNK6o1Ctbb4qklF-MIpKfGcfxPSxZJAa5OwnFRUt9DwHbMk2PFvQ
Australia,"Wilkins, R. (2015). Measuring income inequality in Australia. ""Australian Economic Review, 48(1)"", 93-102. doi:10.1111/1467-8462.12098",https://onlinelibrary.wiley.com/doi/full/10.1111/1467-8462.12098?casa_token=whGsPZx1ARIAAAAA%3AV4n_gtE2cLiW7zyjhzVKBUuKxf2Ch_1Ou4-e9j-oohAj4cZv6MtLVeUjXob98kFgbp7z649PRcJLNss
Brazil,"De Rosa, M., et al. (2021). ""2021 DINA Regional Update for Latin America"". WID.world. Retrieved from http://wordpress.wid.world/document/2021-dina-regional-update-for-latin-america-world-inequality-lab-technical-note-2021-7/",http://wordpress.wid.world/document/2021-dina-regional-update-for-latin-america-world-inequality-lab-technical-note-2021-7/
Brazil,"Fishlow, A. (1972). Brazilian size distribution of income. ""The American Economic Review 62.1/2 (1972), 62(1/2)"", 391–402.",https://www.jstor.org/stable/1821573?casa_token=RRThSAoz87wAAAAA%3AxqKpKhQPTQhJaGw33dQr_tq6K2dCkunq_PuX08mEklkzKsQaw080u6ZEwt9aCqBJjBCkGLdDkq2OeWdi1CRIUM_bG0MlPmJlizSKtCgHVuW_nEjqBVo
Brazil,"Gasparini, L., et al. (2011). Recent Trends in Income Inequality in Latin America. ""Economía, 11(2)"", 147–190. https://doi.org/10.1353/eco.2011.0002.",https://muse.jhu.edu/article/430783
Brazil,"Langoni, C. G. (1973). Income distribution and economic development: The Brazilian case. World Econometric Society Congress, Toronto.",
Brazil,"Langoni, C. G. (1975). Review of income data: Brazil. ""Research Program in Economic Development Discussion Paper 60""",
Brazil,"Langoni, C. G. (1978). Distribuição de Renda e Desenvolvimento Econômico do Brasil?. ""Expressão e Cultura"", Rio de Janeiro.",https://epge.fgv.br/conferencias/educacao-basica-no-brasil-2017/files/carlos-langoni-1972.pdf
Brazil,"Morgan, M. (2017). Falling Inequality beneath Extreme and Persistent Concentration: New Evidence for Brazil Combining National Accounts, Surveys and Fiscal Data, 2001-2015. ""WID.world"" Retrieved from https://wid.world/document/extreme-persistent-inequality-new-evidence-brazil-combining-national-accounts-surveys-fiscal-data-2001-2015-wid-world-working-paper-201712/. ",https://wid.world/document/extreme-persistent-inequality-new-evidence-brazil-combining-national-accounts-surveys-fiscal-data-2001-2015-wid-world-working-paper-201712/
Brazil,"Neri, M. (2010). The Decade of Falling Income Inequality and Formal Employment Generation in Brazil. ""Tackling Inequalities in Brazil, China, India and South Africa"", 57–107. https://doi.org/10.1787/9789264088368-4-en. ",https://www.oecd-ilibrary.org/social-issues-migration-health/tackling-inequalities-in-brazil-china-india-and-south-africa-2010_9789264088368-en
Canada,"Atkinson, A. B. (2008). ""The Changing Distribution of earnings in OECD countries"". Oxford University Press.",https://oxford.universitypressscholarship.com/view/10.1093/acprof:oso/9780199532438.001.0001/acprof-9780199532438
Canada,"Davies, J. B., & Di Matteo, L. (2018).  Filling the gap: Long run Canadian wealth inequality in international context. ""Research Report 2018-1"". The University of Western Ontario, Department of Economics. ",https://onlinelibrary.wiley.com/doi/epdf/10.1111/roiw.12453
Canada,"Love, R. (1979). Income Distribution and Inequality in Canada. Statistics Canada.",
Canada,"Fisher-Post, M. (2020). Simplified DINA for Australia, Canada and New Zealand. ""WID.world"". Retrieved from http://wordpress.wid.world/document/simplified-dina-for-australia-canada-and-new-zealand-world-inequality-lab-technical-note-2020-10/. ",http://wordpress.wid.world/document/simplified-dina-for-australia-canada-and-new-zealand-world-inequality-lab-technical-note-2020-10/
Canada,"Saez, E., & Veall, M. (2003). The evolution of high incomes in Canada, 1920-2000. ""National Bureau of Economic Research Working Paper Series, 9607"". https://doi.org/10.3386/w9607 ",https://www.nber.org/papers/w9607
Canada,"Veall, M. (2012). Top income shares in Canada: Recent trends and policy implications. ""Canadian Journal of Economics/Revue Canadienne D'économique, 45(4)"", 1247–1272. https://doi.org/10.1111/j.1540-5982.2012.01744.x ",https://www.jstor.org/stable/23270172
Canada,"Wolfson, M. (1986). Stasis amid change income inequality in Canada 1965-1983. ""Review of Income and Wealth, 32(4)"", 337–369. https://doi.org/10.1111/j.1475-4991.1986.tb00545.x ",http://onlinelibrary.wiley.com/doi/10.1111/j.1475-4991.1986.tb00545.x/full
Finland,"Atkinson, A. B. (2008). ""The Changing Distribution of earnings in OECD countries"". Oxford University Press.",https://oxford.universitypressscholarship.com/view/10.1093/acprof:oso/9780199532438.001.0001/acprof-9780199532438
Finland,"Blanchet, T., Chancel, L., & Gethin, A. (2019). How Unequal Is Europe? Evidence from Distributional National Accounts, 1980-2017. ""WID.world"". Retrieved from https://wid.world/document/bcg2019-full-paper/ ",https://wid.world/document/bcg2019-full-paper/
Finland,"Morgan, M., & Neef, T. (2020). ""2020 DINA Update for Europe"". WID.world. Retrieved from https://wid.world/document/2020-dina-update-for-europe-world-inequality-lab-technical-note-2020-04/. ",https://wid.world/document/2020-dina-update-for-europe-world-inequality-lab-technical-note-2020-04/
Finland,"Eriksson, T., & Jäntti, M. (1997). The distribution of earnings in Finland 1971–1990. ""European Economic Review, 41(9)"", 1763–1779. https://doi.org/10.1016/s0014-2921(96)00044-x ",https://www.sciencedirect.com/science/article/abs/pii/S001429219600044X?via%3Dihub
Finland,"Eriksson, T., & Jäntti, M. (1998). Modelling the Distribution of Income and Socio-Economic Variables: Finland 1949-1992. IARIW 50th Anniversary Conference.",https://pure.au.dk/portal/en/publications/modelling-the-distribution-of-income-and-socioeconomic-variables-finland-19491992(04800c20-2521-11da-af22-000ea68e967b).html
Finland,"Jäntti, M. (2010). Trends in Top Income Shares in Finland. In ""Top incomes: A global perspective"", 371–447. Oxford University Press.",https://books.google.com/books/about/Top_Incomes.html?id=zLQUDAAAQBAJ
Finland,"Riihelä, M., et al. (2003). On Recent Trends in Economic Poverty in Finland. Working Papers, Tampere University, School of Management and Business, Economics, https://EconPapers.repec.org/RePEc:tam:wpaper:0323.",https://econpapers.repec.org/paper/tamwpaper/0323.htm
Finland,"Roine, J., & Waldenström, D. (2015). Long-run trends in the distribution of income and wealth. ""Handbook of Income Distribution"", 469–592. https://doi.org/10.1016/b978-0-444-59428-0.00008-4 ",http://ftp.iza.org/dp8157.pdf
France,"Blanchet, T., & Martínez-Toledano, C. (2021). Distributional Wealth Accounts in Europe: Methodology. ""WID.world"". Retrieved from http://wordpress.wid.world/document/distributional-financial-accounts-in-europe-world-inequality-lab-technical-note-2021-12/ ",http://wordpress.wid.world/document/distributional-financial-accounts-in-europe-world-inequality-lab-technical-note-2021-12/
France,"Bozio, A. (2018). ""Predistribution vs. Redistribution: Evidence from France and the U.S"". WID.world. Retrieved from https://wid.world/document/predistribution-vs-redistribution-evidence-from-france-and-the-u-s/ ",https://wid.world/document/predistribution-vs-redistribution-evidence-from-france-and-the-u-s/
France,"Concialdi, P. (1997). Income distribution in France: The mid-1980s turning point. In ""Changing patterns in the distribution of economic welfare: An international perspective"". Cambridge University Press.",https://books.google.co.uk/books?hl=en&lr=&id=QK3yypiMK3EC&oi=fnd&pg=PA239&dq=Concialdi+P.+(1997)&ots=5-CgeU4nIA&sig=Ugaum5yEzuPC3w-3xPkq-ZJUaAs#v=onepage&q=Concialdi%20P.%20(1997)&f=false
France,"Garbinti, B., et al. (2018). ""Income Inequality in France, 1900-2014: Evidence from Distributional National Accounts (DINA)"". WID.world. Retrieved from https://wid.world/document/b-garbinti-j-goupille-and-t-piketty-inequality-dynamics-in-france-1900-2014-evidence-from-distributional-national-accounts-2016/.",https://wid.world/document/b-garbinti-j-goupille-and-t-piketty-inequality-dynamics-in-france-1900-2014-evidence-from-distributional-national-accounts-2016/
France,"Garbinti, B., et al. (2020). Accounting for Wealth Inequality Dynamics: Methods, Estimates and Simulations for France. ""WID.world"". Retrieved from https://wid.world/document/accounting-for-wealth-inequality-dynamics-methods-estimates-and-simulations-for-france-wid-world-working-paper-2020-05/.",https://wid.world/document/accounting-for-wealth-inequality-dynamics-methods-estimates-and-simulations-for-france-wid-world-working-paper-2020-05/
France,"Insee (1999).  L'évolutions des inégalités de revenus entre 1970 et 1996. ""Revenus et patrimoine des ménages"". Institut national de la statistique et des études économiques.",https://www.bnsp.insee.fr/ark:/12148/bc6p06xz84t.r=hourriez?rk=85837;2
France,Insee (2021a). Niveau de vie et indicateurs d’inégalités: Données annuelles de 1975 à 2019. Institut national de la statistique et des études économiques. Retrieved from https://www.insee.fr/fr/statistiques/2491918,https://www.insee.fr/fr/statistiques/2491918
France,"Insee (2021b). En 2019, le niveau de vie médian augmente nettement et le taux de pauvreté diminue. Institut national de la statistique et des études économiques. Retrieved from https://www.insee.fr/fr/statistiques/5431993",https://www.insee.fr/fr/statistiques/5431993
France,Insee (2021c). Taux de pauvreté selon le seuil de pauvreté: Données annuelles de 1975 à 2019. Institut national de la statistique et des études économiques. Retrieved from https://www.insee.fr/fr/statistiques/2408282#graphique-figure1,https://www.insee.fr/fr/statistiques/2408282#graphique-figure1
France,Insee (2022). Rapport interdécile D9/D5 du salaire net annuel en équivalent temps plein dans le secteur privé - Ensemble des salariés Retrieved from https://www.insee.fr/fr/statistiques/serie/010752360#Tableau.,https://www.insee.fr/fr/statistiques/serie/010752360#Tableau
France,"Piketty, T., et al. (2006). Wealth Concentration in a Developing Economy: Paris and France, 1807–1994. ""American Economic Review, 96(1)"", 236–256. https://doi.org/10.1257/000282806776157614. ",https://www.aeaweb.org/articles?id=10.1257/000282806776157614
France,"Postel-Vinay, G., & Rosenthal, J. (2006). Wealth Concentration in a Developing Economy: Paris and France, 1807–1994. ""American Economic Review, 96(1)"", 236–256. https://doi.org/10.1257/000282806776157614. ",http://piketty.pse.ens.fr/fichiers/public/PikettyPostel2006.pdf
Germany,"Atkinson, A. B. (2008). ""The Changing Distribution of earnings in OECD countries"". Oxford University Press.",https://oxford.universitypressscholarship.com/view/10.1093/acprof:oso/9780199532438.001.0001/acprof-9780199532438
Germany,"Albers, Thilo, et al. “The Distribution of Wealth in Germany, 1895-2018.” ECONtribute, 2020. Policy Brief No. 001.
Albers, T., Bartels, C., & Schularick, M. (2020). The Distribution of Wealth in Germany, 1895-2018. ""ECONtribute"". ",https://www.econtribute.de/RePEc/ajk/ajkpbs/ECONtribute_PB_001_2020.pdf
Germany,"Bartels, C. (2017). ""Top incomes in Germany, 1871-2013"". WID.world. Retrieved from https://wid.world/document/top-incomes-germany-1871-2013-wid-world-working-paper-2017-18/ ",https://wid.world/document/top-incomes-germany-1871-2013-wid-world-working-paper-2017-18/
Germany,"Becker, I. (1997). Die Entwicklung der Einkommensverteilung und der Einkommensarmut in den alten Bundesländern von 1962 bis 1988. In ""Einkommensverteilung und Armut"". Campus Verlag.",
Germany,"Blanchet, T., et al. (2020). Why Is Europe More Equal than the United States? ""WID.world"". Retrieved from https://wid.world/document/why-is-europe-more-equal-than-the-united-states-world-inequality-lab-wp-2020-19/.",https://wid.world/document/why-is-europe-more-equal-than-the-united-states-world-inequality-lab-wp-2020-19/
Germany,"DIW (Deutsche Institut für Wirtschaftsforschung). (1973). Einkommensverteilung und –schichtung der privaten Haushalte in der Bundesrepublik Deutschland 1950 bis 1970. ""Wochenbericht 25"".",
Germany,"Frick, J. R., Grabka, M. M., & Hauser, R. (2010). Die Verteilung der Vermögen in Deutschland. Edition Sigma. https://doi.org/10.5771/9783845269412 ",https://www.nomos-elibrary.de/10.5771/9783845269412/die-verteilung-der-vermoegen-in-deutschland
Germany,"Hauser, R., & Becker, I. (2001). Einkommensverteilung im Querschnitt und im Zeitverlauf 1973-1998. Bundesministerium Für Arbeit Und Sozialordnung. ",
Germany,SOEP Group. SOEPmonitor 2013-SOEPmonitor 1984-2013.,https://www.diw.de/en/diw_02.c.222727.en/soepmonitor.html#521248
Iceland,"Blanchet, T., et al. (2019). How Unequal Is Europe? Evidence from Distributional National Accounts, 1980-2017. ""WID.world"" Retrieved from https://wid.world/document/bcg2019-full-paper/. ",https://wid.world/document/bcg2019-full-paper/
Iceland,"Morgan, M., & Neef, T. (2020). 2020 DINA Update for Europe. ""WID.world"". Retrieved from https://wid.world/document/2020-dina-update-for-europe-world-inequality-lab-technical-note-2020-04/. ",https://wid.world/document/2020-dina-update-for-europe-world-inequality-lab-technical-note-2020-04/
Iceland,"Ólafsson, S., & Sigurðsson, K. (1996). Poverty in Iceland. In ""Den nordiska fattindomens utveckling och struktur"". Tema Nord.",https://books.google.co.uk/books?id=IY48a0hL248C&pg=PA72&source=gbs_selected_pages&cad=2#v=onepage&q&f=false
Iceland,"Ólafsson, S., and Kristjánsson, A. (2012). Þróun tekjuskiptingarinnar á Íslandi 1992–2010. ""Stjórnmál & Stjórnsýsla 8(1)"", 39-71.",https://skemman.is/handle/1946/12290
Iceland,"Ólafsson, S., and Kristjánsson, A. (2013). Income Inequality in Boom and Bust: A Tale from Iceland’s Bubble Economy. In ""Income inequality: Economic disparities and the middle class in affluent countries"". Stanford University Press.",https://www.degruyter.com/document/doi/10.1515/9780804786751-019/html
India,Asian Development Bank. (2007). Key Indicators 2007. Asian Development Bank.,https://www.adb.org/publications/key-indicators-asia-and-pacific-2007
India,"Banarjee, A., & Piketty, T. (2010). Top Indian Incomes: 1922-2000. In ""Top Incomes: A Global Perspective"". Oxford University Press.",https://books.google.co.uk/books/about/Top_Incomes.html?id=zLQUDAAAQBAJ&redir_esc=y
India,"Bharti, N. K. (2018). Wealth Inequality, Class and Caste in India, 1961-2012. ""WID.world"". Retrieved from https://wid.world/document/n-k-bharti-wealth-inequality-class-and-caste-in-india-1961-2012/. ",https://wid.world/document/n-k-bharti-wealth-inequality-class-and-caste\-in-india-1961-2012/
India,"Chancel, L., & Piketty, T. (2017). Indian Income Inequality, 1922-2015: From British Raj to Billionaire Raj? ""WID.world"". Retrieved from https://wid.world/document/chancelpiketty2017widworld/. ",https://wid.world/document/chancelpiketty2017widworld/
India,"Majumdar, D. (2010). Decreasing poverty and increasing inequality in India. In ""Tackling inequalities in Brazil, China, India and South Africa"", 157-207. https://doi.org/10.1787/9789264088368-4-en. ",http://www.oecd-ilibrary.org/social-issues-migration-health/tackling-inequalities-in-brazil-china-india-and-south-africa-2010_9789264088368-en
India,"More, S., & Singh, N. (2014). Poverty in India: concepts, measurement and status.",https://mpra.ub.uni-muenchen.de/62400/1/MPRA_paper_62400.pdf
India,"Rangarajan, C. (2014). Report of the Expert Group to Review the Methodology for Measurement of Poverty. Government of India, Planning Commission.",http://planningcommission.nic.in/reports/genrep/pov_rep0707.pdf
India,"Vanneman, R., & Dubey, A. (2013). Horizontal and vertical inequalities in India. In ""Income inequality: Economic disparities and the middle class in affluent countries"". Stanford University Press.",
Indonesia,"Asra, A. (2000). Poverty and Inequality in Indonesia: Estimates, Decomposition and Key Issues. ""Journal of the Asia Pacific Economy, 5(1)"" 91–111. https://doi.org/10.1080/135478600360403. ",https://www.adb.org/sites/default/files/publication/28140/asra02.pdf
Indonesia,"Asra, A. (1989). Inequality Trends in Indonesia, 1969–1981: A Re-Examination. ""Bulletin of Indonesian Economic Studies, 25(2)"", 100–110. https://doi.org/10.1080/00074918812331335589. ",https://www.tandfonline.com/doi/abs/10.1080/00074918812331335589
Indonesia,"Booth, A. (1993). Counting the Poor in Indonesia. ""Bulletin of Indonesian Economic Studies, 29(1)"", 53–83. https://doi.org/10.1080/00074919312331336341.",http://wordpress.wid.world/document/2021-dina-regional-update-for-asia-world-inequality-lab-technical-note-2021-6/
Indonesia,"Krongkaew, M. & Ragayah H. M. Z. (2006). Income distribution and sustainable economic development in East Asia: A comparative analysis. ""IDEAs Working Paper 2"".",https://www.networkideas.org/feathm/oct2006/PDF/Medhi_Krongkaew_Ragayah_Haji.pdf
Indonesia,"Leigh, A., & van der Eng, P. (2010). Top incomes in Indonesia, 1920-2004. In ""Top Incomes: A Global Perspective"", 171-219. Oxford University Press.",https://wid.world/document/leigh-andrew-and-van-der-eng-pierre-2010-top-incomes-in-indonesia-1920-2004-in-atkinson-a-b-and-piketty-t-editors-top-incomes-a-global-perspective-oxford-university-press-ch/
Indonesia,"Miranti, R. (2010). Poverty in Indonesia 1984–2002: The impact of growth and changes in inequality. ""Bulletin of Indonesian Economic Studies, 46(1)"", 79–97. https://doi.org/10.1080/00074911003642252 ",https://www.tandfonline.com/doi/abs/10.1080/00074911003642252
Indonesia,"Sundrum, R. M. (1979). Income distribution, 1970–76. ""Bulletin of Indonesian Economic Studies, 15(1)"", 137–141. https://doi.org/10.1080/00074917912331333501 ",https://www.tandfonline.com/doi/abs/10.1080/00074917912331333501?needAccess=true
Italy,"Acciari, P., et al. (2020). The Concentration of Personal Wealth in Italy 1995–2016. University of Chicago Press. https://doi.org/10.31235/osf.io/2jznp.",https://www.nber.org/system/files/chapters/c14451/revisions/c14451.rev0.pdf
Italy,"Alvaredo, F., and Pisano, E. (2010). Top incomes in Italy 1974-2004. In ""Top Incomes: A Global Perspective"", 626-663. Oxford University Press.",https://wid.world/document/alvaredo-facundo-and-pisano-elena-2010-top-incomes-in-italy-1974-2004-in-atkinson-a-b-and-piketty-t-editors-top-incomes-a-global-perspective-oxford-university-press-chapter/
Italy,"Amendola, N., et al. (2009). Il costo della vita al Nord e al Sud d’Italia, dal dopoguerra a oggi. Stime di prima generazione. ""Rivista di politica economica 99(2)"", 3-34.",https://www.rivistapoliticaeconomica.it/il-costo-della-vita-al-nord-e-al-sud-ditalia-dal-dopoguerra-a-oggi-stime-di-prima-generazione/
Italy,"Atkinson, A. B. (2008). ""The Changing Distribution of earnings in OECD countries"". Oxford University Press.",https://books.google.com/books/about/Top_Incomes.html?id=zLQUDAAAQBAJ
Italy,"Blanchet, T. et al. (2020). ""Why Is Europe More Equal than the United States?"" WID.world. Retrieved from https://wid.world/document/why-is-europe-more-equal-than-the-united-states-world-inequality-lab-wp-2020-19/.",https://wid.world/document/why-is-europe-more-equal-than-the-united-states-world-inequality-lab-wp-2020-19/
Italy,"Brandolini, A. (1999). The distribution of personal income in post-war Italy: source description, data quality, and the time pattern of income inequality. ""Giornale degli economisti e Annali di economia"", 183-239.",https://www.jstor.org/stable/23248261
Italy,"Brandolini, A. (2014). The Big Chill: Italian Family Budgets after the Great Recession. ""Italian Politics 29(1)"", 233-256.",https://www.berghahnjournals.com/view/journals/italian-politics/29/1/ip290114.xml
Italy,"Brandolini, A., & Vecchi, G. (2011). The well-being of Italians: A comparative historical approach. ""SSRN Electronic Journal"". https://doi.org/10.2139/ssrn.2239015 ",https://www.bancaditalia.it/pubblicazioni/quaderni-storia/2011-0019/QSEn_19.pdf
Italy,"Brandolini, A., et al. (2006). Household wealth distribution in Italy in the 1990s. ""International Perspectives on Household Wealth"", 225-245.",https://www.bancaditalia.it/pubblicazioni/temi-discussione/2004/2004-0530/tema_530.pdf
Italy,"Cannari, L., & D'Alessio, G. (2018). Education, income and wealth: Persistence across generations in Italy. ""Bank of Italy"". https://doi.org/10.2139/ssrn.3431115 ",https://www.bancaditalia.it/pubblicazioni/qef/2018-0476/index.html?com.dotmarketing.htmlpage.language=1
Italy,"Vecchi, G. (2011). In ricchezza e in povertà. Il benessere degli italiani dall’Unità a oggi.",https://art.torvergata.it/handle/2108/20396
Italy,"Vecchi, G. (forthcoming). A History of Living Standards in Italy, 1861-2011. Oxford University Press.",
Japan,"Alvaredo, F., Moriguchi, C., & Saez, E. (2012). ""Japan Estimates of Top Income Shares: Update up to 2010"". WID.world. Retrieved from https://wid.world/document/wid_methodology_notes_2012_7_japan/",https://wid.world/document/wid_methodology_notes_2012_7_japan/
Japan,"Hayami, Y. (1997). Development Economics: From the Poverty to the Wealth of Nations. Clarendon Press.",https://econpapers.repec.org/article/cupjechis/v_3a58_3ay_3a1998_3ai_3a04_3ap_3a1176-1178_5f02.htm
Japan,"Kitao, S., & Yamada, T. (2019). Dimensions of Inequality in Japan: Distributions of Earnings, Income and Wealth between 1984 and 2014. ""SSRN Electronic Journal"". https://doi.org/10.2139/ssrn.3398648.",https://crawford.anu.edu.au/sites/default/files/publication/cama_crawford_anu_edu_au/2019-06/36_2019_kitao_yamada.pdf
Japan,"Lise, J., Sudo, N., Suzuki, M., Yamada, K., & Yamada, T. (2014). Wage, income and consumption inequality in Japan, 1981–2008: From boom to lost decades. ""Review of Economic Dynamics, 17(4)"", 582–612. https://doi.org/10.1016/j.red.2014.01.001 ",https://www.sciencedirect.com/science/article/abs/pii/S1094202514000027
Japan,"Minami, R. (1998). Economic development and income distribution in Japan: An assessment of the Kuznets hypothesis. ""Cambridge Journal of Economics, 22(1)"", 39–58. https://doi.org/10.1093/oxfordjournals.cje.a013704 ",https://academic.oup.com/cje/article-abstract/22/1/39/1711823?redirectedFrom=fulltext
Japan,"Moriguchi, C., & Saez, E. (2010). The evolution of income concentration in Japan, 1886–2005: Evidence from income tax statistics. In ""Top Incomes: A Global Perspective"", 713–734. Oxford University Press.",
Japan,"Tachibanaki, T. (2005). Confronting income inequality in Japan. MIT Press.",
Japan,"Tachibanaki, T. (2006). Inequality and poverty in Japan. ""The Japanese Economic Review, 57(1)"", 1–27. https://doi.org/10.1111/j.1468-5876.2006.00355.x ",
Malaysia,"Anand, S. (1983). Inequality and Poverty in Malaysia: Measurement and Decomposition. World Bank.",https://documents1.worldbank.org/curated/en/262031468776799037/pdf/multi0page.pdf
Malaysia,"Atkinson, A. B. (2013). Top incomes in Malaysia 1947 to the present. ""WID.world"". Retrieved from https://wid.world/document/wid_methodology_notes_2013_5_malaysia/.",https://wid.world/document/wid_methodology_notes_2013_5_malaysia/
Malaysia,"Department of Statistics Malaysia (2014). Household Income and Basic Amenities Survey Report 2014. Retrieved 21 September 2021, from the eStatistik (Data Request) facility of the Department of Statistics Malaysia website.",https://www.dosm.gov.my/v1/index.php?r=column/cthemeByCat&cat=120&bul_id=aHhtTHVWNVYzTFBua2dSUlBRL1Rjdz09&menu_id=amVoWU54UTl0a21NWmdhMjFMMWcyZz09
Malaysia,"Department of Statistics Malaysia (2019). Household Income and Basic Amenities Survey Report 2019. Retrieved 21 September 2021, from the eStatistik (Data Request) facility of the Department of Statistics Malaysia website.",https://www.dosm.gov.my/v1/index.php?r=column/cthemeByCat&cat=120&bul_id=TU00TmRhQ1N5TUxHVWN0T2VjbXJYZz09&menu_id=amVoWU54UTl0a21NWmdhMjFMMWcyZz09
Malaysia,"Ikemoto, Y. (1985). Income distribution in Malaysia: 1957-80. ""The Developing Economies, 23(4)"", 347–367. https://doi.org/10.1111/j.1746-1049.1985.tb00065.x ",https://onlinelibrary.wiley.com/doi/epdf/10.1111/j.1746-1049.1985.tb00065.x
Malaysia,"Krongkaew, M. & Ragayah H. M. Z. (2006). Income distribution and sustainable economic development in East Asia: A comparative analysis. ""IDEAs Working Paper 2"".",https://www.networkideas.org/feathm/oct2006/PDF/Medhi_Krongkaew_Ragayah_Haji.pdf
Malaysia,"Ragayah, H. M. Z. (2008). Income Inequality in Malaysia. ""Asian Economic Policy Review, 3(1), 114–132. https://doi.org/10.1111/j.1748-3131.2008.00096.x.",https://onlinelibrary.wiley.com/doi/abs/10.1111/j.1748-3131.2008.00096.x
Malaysia,"Rao, V. V. B. (1988). Income distribution in East Asian developing countries. ""Asian-Pacific Economic Literature, 2(1)"", 26–45. https://doi.org/10.1111/j.1467-8411.1988.tb00144.x ",https://onlinelibrary.wiley.com/doi/abs/10.1111/j.1467-8411.1988.tb00144.x
Mauritius,"Atkinson, A. B. (2011). Top incomes in Mauritius: A 75 year history. Series updated by the author.",
Mauritius,"Chancel, L., et al. (2019). How Large Are African Inequalities? Towards Distributional National Accounts in Africa, 1990-2017. ""WID.world"". Retrieved from https://wid.world/document/cgm2019-full-paper/. ",https://wid.world/document/cgm2019-full-paper/
Mauritius,"Subramanian, A. (2001). Mauritius: A Case Study. ""Finance & Development, 38(1), 1–7. https://doi.org/10.5089/9781451953299.022. ",https://www.imf.org/external/pubs/ft/fandd/2001/12/subraman.htm
Netherlands,"Atkinson, A. B. (2008). ""The Changing Distribution of earnings in OECD countries"". Oxford University Press.",https://books.google.com/books/about/Top_Incomes.html?id=zLQUDAAAQBAJ
Netherlands,"Salverda, W. & Piketty, T. (2007). Top Incomes in the Netherlands Over the Twentieth Century. In ""Top Incomes Over the Twentieth Century"", 426-471. Oxford University Press.",https://wid.world/document/salverda-wiemer-and-atkinson-anthony-b-2007-top-incomes-in-the-netherlands-over-the-twentieth-century-in-atkinson-a-b-and-piketty-t-editors-top-incomes-over-the-twentieth-century-a/
Netherlands,"Salverda, W. (2013). Extending the top-income shares for the Netherlands from 1999 to 2012: An explanatory note.",https://pure.uva.nl/ws/files/2553839/161038_468741.pdf
Netherlands,"Toussaint, S. et al. (2022). Household Wealth and its Distribution in the Netherlands, 1854–2019",http://congress-files.s3.amazonaws.com/2021-12/presentation_20211208.pdf
Netherlands,"Trimp, L. (1996). Inkomens 1959-1994. ""Sociaal-economische maandstatistiek 13(12), 31-34.",
Netherlands,"Wilterdink, N. (1984). Vermogensverhoudingen in Nederland. ""De Arbeiderspers"".",https://www.dbnl.org/tekst/wilt001verm01_01/
New Zealand,"Atkinson, A. B., & Leigh, A. (2008). Top Incomes in New Zealand 1921–2005: Understanding the Effects of Marginal Tax Rates, Migration Threat, and the Macroeconomy. ""Review of Income and Wealth 54(2), 149–165. https://doi.org/10.1111/j.1475-4991.2008.00268.x. ",https://onlinelibrary.wiley.com/doi/abs/10.1111/j.1475-4991.2008.00268.x
New Zealand,"Alvaredo, F., & Atkinson, A. B. (2014). ""New Zealand: Estimates of Top Shares for 2011/2012, and Revision for 2010/2011"". WID.world. Retrieved from https://wid.world/document/wid_methodology_notes_2014_3_new_zealand/ ",https://wid.world/document/wid_methodology_notes_2014_3_new_zealand/
New Zealand,"Easton, B. (1983). Income distribution in New Zealand. ""New Zealand Institute of Economic Research"".",
New Zealand,"Fisher-Post, M. (2020). ""Simplified DINA for Australia, Canada and New Zealand"". WID.world. Retrieved from http://wordpress.wid.world/document/simplified-dina-for-australia-canada-and-new-zealand-world-inequality-lab-technical-note-2020-10/. ",http://wordpress.wid.world/document/simplified-dina-for-australia-canada-and-new-zealand-world-inequality-lab-technical-note-2020-10/
New Zealand,"Perry, B. (2019). Household incomes in New Zealand: trends in indicators of inequality and hardship 1982 to 2018. ""Ministry of Social Development""",https://www.msd.govt.nz/about-msd-and-our-work/publications-resources/monitoring/household-incomes/household-incomes-1982-to-2018.html
Norway,"Aaberge, R., & Atkinson, A. B. (2010). Top incomes in Norway. In ""Top Incomes: A Global Perspective"", 448-381. Oxford University Press.",https://wid.world/document/aaberge-rolf-and-atkinson-anthony-b-2010-top-incomes-in-norway-in-atkinson-a-b-and-piketty-t-editors-top-incomes-a-global-perspective-oxford-university-press-chapter-9/
Norway,"Aaberge, R., et al. (2013). The ins and outs of top income mobility. Statistics Norway.",https://www.iser.essex.ac.uk/files/euromod/research-workshop-2014/The_Ins_and_Outs_of_Top_Income_Mobility.pdf
Norway,"Aaberge, R., et al. (2016). The long-run distribution of income in Norway. Statistics Norway.",https://www.ssb.no/forside/_attachment/279993?_ts=1578a22d890
Norway,"Atkinson, A. B. (2008). ""The Changing Distribution of earnings in OECD countries"". Oxford University Press.",https://onlinelibrary.wiley.com/doi/abs/10.1111/j.1475-4991.2008.00268.x
Norway,"Bojer, H. (1987). Personlig inntektsfordeling i Norge 1970-1984. ""Tidsskrift for Sammfunnsforskning, 28"", 247-258.",
Norway,"Ohlsson, H., et al. (2008). Long-run changes in the concentration of wealth: An overview of recent findings. In ""Personal wealth from a global perspective"". Oxford University Press.",
Norway,"Roine, J. & Waldenström, D. (2015). Long run trends in the distribution of income and wealth. In ""Handbook of Income Distribution, volume 2."" Elsevier.",https://www.sciencedirect.com/science/article/pii/B9780444594280000084#t0045
Norway,"Statistics Norway (2016). Økonomi og levekår. ""Rapporter 2016/30"". Statistics Norway.",https://www.ssb.no/inntekt-og-forbruk/artikler-og-publikasjoner/okonomi-og-levekar-for-ulike-lavinntektsgrupper-2016
Portugal,"Facundo, A. (2010). Top incomes and earnings in Portugal 1936-2005. In ""Top Incomes: A Global Perspective"", 560-624. Oxford University Press.",https://wid.world/document/alvaredo-facundo-2010-top-incomes-and-earnings-in-portugal-1936-2005-in-atkinson-a-b-and-piketty-t-editors-top-incomes-a-global-perspective-oxford-university-press-2010-chap/
Portugal,"Atkinson, A. B. (2008). ""The Changing Distribution of earnings in OECD countries"". Oxford University Press.",https://books.google.com/books/about/Top_Incomes.html?id=zLQUDAAAQBAJ
Portugal,"Rodrigues, C. F. (2005). Distribuição do rendimento, desigualdade e pobreza. PhD thesis, Universidade Technica de Lisboa.",
Portugal,"Rodrigues, C. F. et al. (2012). Desigualdade Económica em Portugal. Fundação Francisco Manuel dos Santos.",https://www.ffms.pt/publicacoes/detalhe/847/desigualdade-economica-em-portugal
Portugal,"Pereirinha, J. A. (1988). Inequalities, household income distribution and development in Portugal. Universidade Tecnica de Lisboa (Portugal).",https://www.proquest.com/docview/2015082442?pq-origsite=gscholar&fromopenview=true
Singapore,"Atkinson, A. B. (2010). Top incomes in a rapidly growing economy: Singapore. In ""Top Incomes: A Global Perspective"", 220-252. Oxford University Press.",https://books.google.co.uk/books/about/Top_Incomes.html?id=zLQUDAAAQBAJ&redir_esc=y
Singapore,"Krongkaew, M. & Ragayah, H. M. Z. (2006). Income distribution and sustainable economic development in East Asia: A comparative analysis. ""IDEAs Working Paper 2"".",https://www.networkideas.org/feathm/oct2006/PDF/Medhi_Krongkaew_Ragayah_Haji.pdf
Singapore,"Rao, V. V. B. (1988). Income Distribution in East Asian Developing Countries. In ""Asian-Pacific Economic Literature, 2(1)"" 26–45. https://doi.org/10.1111/j.1467-8411.1988.tb00144.x. ",https://onlinelibrary.wiley.com/doi/abs/10.1111/j.1467-8411.1988.tb00144.x
Singapore,"Singapore Department of Statistics. Key household income trends, 2012.",
South Africa,"Alvaredo, F. & Atkinson, A. B. (2011). Colonial Rule, Apartheid and Natural Resources: Top Incomes in South Africa 1903-2007. ""CEPR Discussion Paper 8155"".",https://www.parisschoolofeconomics.eu/IMG/pdf/DP8155_SouthAfrica.pdf
South Africa,"Borat, H. and Kanbur, R. (2005). Poverty and policy in post-apartheid South Africa: An Overview of Data, Outcomes and Policy. ""Development Policy Research Unit, Working Paper 05/101"".",https://media.africaportal.org/documents/Poverty_and_Well-being_in_Post_Apartheid_South_Africa__An_Overview_of_Data_Out_iMZqZjy.pdf
South Africa,"Budlender, J., et al. (2015). South African poverty lines: a review and two new money-metric thresholds. ""Southern Africa Labour and Development Research Unit Working Paper Number 151"". University of Cape Town.",http://opensaldru.uct.ac.za/bitstream/handle/11090/784/2015_151_Saldruwp.pdf?sequence=1
South Africa,"Chancel, L., et al. (2019). How Large Are African Inequalities? Towards Distributional National Accounts in Africa, 1990-2017. ""WID.world"" Retrieved from https://wid.world/document/cgm2019-full-paper/. ",https://wid.world/document/cgm2019-full-paper/
South Africa,"Lachmann, D. and Bercuson, K. (1992). Economic Policies for a New South Africa. ""IMF Occasional Paper, No. 91"".",https://www.imf.org/en/Publications/Occasional-Papers/Issues/2016/12/30/Economic-Policies-for-a-New-South-Africa-59
South Africa,"Leibbrandt, M. et al (2010). Trends in South African income distribution and poverty since the fall of apartheid. ""OECD Social, Employment and Migration Working Papers, No. 101"". OECD.",https://www.oecd-ilibrary.org/social-issues-migration-health/trends-in-south-african-income-distribution-and-poverty-since-the-fall-of-apartheid_5kmms0t7p1ms-en
South Africa,"Leibbrandt, M. et al. (2010). Better employment to reduce inequality further in South Africa. In ""Tackling inequalities in Brazil, China, India and South Africa"", 209-261. https://doi.org/10.1787/9789264088368-4-en. ",https://www.oecd-ilibrary.org/social-issues-migration-health/tackling-inequalities-in-brazil-china-india-and-south-africa-2010_9789264088368-en
South Africa,Statistics South Africa. (2019). Poverty trends in South Africa.,https://www.statssa.gov.za/publications/Report-03-10-19/Report-03-10-192017.pdf
South Africa,"Berg, Servaas, and Megan Louw. “Changing Patterns of South African Income Distribution: Towards Time Series Estimates of Distribution and poverty1.” South African Journal of Economics, vol. 72, no. 3, 2005, pp. 546–572., https://doi.org/10.1111/j.1813-6982.2004.tb00125.x. 
Berg, S., & Louw, M. (2005). Changing patterns of South African Income Distribution: Towards Time Series estimates of distribution and poverty. ""South African Journal of Economics, 72(3)"", 546–572. https://doi.org/10.1111/j.1813-6982.2004.tb00125.x ",https://onlinelibrary.wiley.com/doi/abs/10.1111/j.1813-6982.2004.tb00125.x
South Africa,"Whiteford, A., &amp; Seventer, D. E. (2000). South Africa’s changing income distribution in the 1990s. ""Studies in Economics and Econometrics, 24(3)"", 7–30. https://doi.org/10.1080/03796205.2000.12129274 ",
Spain,"Alvaredo, F., & Blanco, M. A. (forthcoming). Wealth concentration in Spain in European context 1900-2015: Local versus global forces.",
Spain,"Alvaredo, F., & Saez, E. (2010). Income and wealth concentration in Spain on a historical and fiscal perspective. In ""Top Incomes: A Global Perspective"", 482-559. Oxford University Press, Oxford.",https://eml.berkeley.edu/~saez/alvaredo-saezJEEA2009.pdf
Spain,"Blanchet, T., et al. (2020). ""Why Is Europe More Equal than the United States?"" WID.world. Retrieved from https://wid.world/document/why-is-europe-more-equal-than-the-united-states-world-inequality-lab-wp-2020-19/.",https://wid.world/document/why-is-europe-more-equal-than-the-united-states-world-inequality-lab-wp-2020-19/
Spain,"Blanchet, T., & Clara Martínez-Toledano. “Distributional Wealth Accounts in Europe: Methodology.” WID.world, 2021, http://wordpress.wid.world/document/distributional-financial-accounts-in-europe-world-inequality-lab-technical-note-2021-12/. ",http://wordpress.wid.world/document/distributional-financial-accounts-in-europe-world-inequality-lab-technical-note-2021-12/
Spain,"Cantó, O. et al. (2003). La evolucion de la pobreza estática y dynámica en España en el periodo 1985-1995. ""Hacienda Pública Española, 167"", 87-119.",https://hpe-rpe.org/search-articles/?limit&q=OLGA%20CANT%C3%93%20CORAL%20DEL%20R%C3%8DO%20CARLOS%20GRAD%C3%8DN%202003&exclude=177%2C151%2C168%2C167%2C152%2C153%2C150%2C178%2C179%2C180%2C105%2C106%2C107%2C174
Spain,"Escribano, C. (1990). Evolucion de la pobreza y la desigualdad en España, 1973-1987. ""Información Comercial Española, ICE: Revista de economía 686"", 81-108.",https://www.semanticscholar.org/paper/Evoluci%C3%B3n-de-la-pobreza-y-la-desigualdad-en-Espa%C3%B1a%3A-Escribano/3159d4989bac2e5596a178d5e78987ef8e5bcb5f#citing-papers
Spain,"Martinez-Toledano, C. (2020). House Price Cycles, Wealth Inequality and Portfolio Reshuffling. ""WID.world"". Retrieved from https://wid.world/document/house-price-cycles-wealth-inequality-and-portfolio-reshuffling-wid-world-working-paper-2020-02/",
Spain,"Morgan, M., & Neef, T. (2020). 2020 DINA Update for Europe. ""WID.world"". Retrieved from https://wid.world/document/2020-dina-update-for-europe-world-inequality-lab-technical-note-2020-04/. ",
Spain,"United Nations. (1981). A survey of national sources of income distribution statistics. ""Statistics Papers, series M, no. 79"".",
Spain,,https://wid.world/document/2020-dina-update-for-europe-world-inequality-lab-technical-note-2020-04/
Spain,,https://wid.world/document/house-price-cycles-wealth-inequality-and-portfolio-reshuffling-wid-world-working-paper-2020-02/
Sweden,"Atkinson, A. B. (2008). ""The Changing Distribution of earnings in OECD countries"". Oxford University Press.",https://books.google.com/books/about/Top_Incomes.html?id=zLQUDAAAQBAJ
Sweden,"Blanchet, T., et al. (2020). Why Is Europe More Equal than the United States? ""WID.world"". Retrieved from https://wid.world/document/why-is-europe-more-equal-than-the-united-states-world-inequality-lab-wp-2020-19/.",https://wid.world/document/why-is-europe-more-equal-than-the-united-states-world-inequality-lab-wp-2020-19/
Sweden,"Björklund, A., & Palme, M. (2000). The evolution of income inequality during the rise of the Swedish welfare state 1951 to 1973. ""Nordic Journal of Political Economy, 26"", 115-128.",http://www.nopecjournal.org/NOPEC_2000_a06.pdf
Sweden,"Lundberg, J. & Waldenström, D. (2016). Wealth Inequality in Sweden: What Can We Learn from Capitalized Income Tax Data? ""SSRN Electronic Journal"". https://doi.org/10.2139/ssrn.2776888. ",https://ftp.iza.org/dp9902.pdf
Sweden,"Roine, J., & Waldenström, D. (2009). Wealth concentration over the path of development: Sweden, 1873-2006. ""Scandinavian Journal of Economics, 111"", 151-187.",https://onlinelibrary.wiley.com/doi/abs/10.1111/j.1467-9442.2008.01558.x
Sweden,"Roine, J., & Waldenström, D. (2015). Long-Run Trends in the Distribution of Income and Wealth. In ""Handbook of Income Distribution"", 469–592. https://doi.org/10.1016/b978-0-444-59428-0.00008-4.",http://ftp.iza.org/dp8157.pdf
Switzerland,"Abele, H., & Lüthi, A. (1977). La repartition personelle des revenus en Suisse entre 1941 et 1972. In ""La politique économique de la Suisse"". Editions Universitaires, Fribourg.",
Switzerland,"Atkinson, A. B. (2008). ""The Changing Distribution of earnings in OECD countries"". Oxford University Press.",https://onlinelibrary.wiley.com/doi/abs/10.1111/j.1475-4991.2008.00268.x
Switzerland,"Blanchet, T. et al. (2020). Why Is Europe More Equal than the United States? ""WID.world"". Retrieved from https://wid.world/document/why-is-europe-more-equal-than-the-united-states-world-inequality-lab-wp-2020-19/.",https://wid.world/document/why-is-europe-more-equal-than-the-united-states-world-inequality-lab-wp-2020-19/
Switzerland,"Dell, F., Piketty, T., & Saez, E. (2007).  In ""Top Income Over the Twentieth Century"", 473-500",https://bibbase.org/network/publication/dell-piketty-saez-incomeandwealthconcentrationinswitzerlandoverthetwentiethcentury-2007
Switzerland,Ecoplan. (2004). Verteilung des Wohlstands in der Schweiz.,https://www.ecoplan.ch/download/wel_hb_de.pdf
Switzerland,"Levy, R., et al. (1997). Tous égaux? De la stratification aux représentations. Editions Seismo.",
Switzerland,"Morgan, M., & Neef, T. (2020). 2020 DINA Update for Europe. ""WID.world"" Retrieved from https://wid.world/document/2020-dina-update-for-europe-world-inequality-lab-technical-note-2020-04/. ",https://wid.world/document/2020-dina-update-for-europe-world-inequality-lab-technical-note-2020-04/
Switzerland,"Noth, A. (1975). Die personelle Einkommensverteilung in der Schweiz 1949 bis 1968. Universität Freiburg.",
Switzerland,"Roine, J., & Waldenström, D. (2015). Long-Run Trends in the Distribution of Income and Wealth. In ""Handbook of Income Distribution"", 469–592. https://doi.org/10.1016/b978-0-444-59428-0.00008-4.",http://ftp.iza.org/dp8157.pdf
UK,"Alvaredo, F., et al. (2017). Top Wealth Shares in the UK over More than a Century. ""SSRN Electronic Journal"". https://doi.org/10.2139/ssrn.2903853.",https://papers.ssrn.com/sol3/papers.cfm?abstract_id=2903853
UK,"Atkinson, A. B. (2008). ""The Changing Distribution of earnings in OECD countries"". Oxford University Press.",https://oxford.universitypressscholarship.com/view/10.1093/acprof:oso/9780199532438.001.0001/acprof-9780199532438
UK,"Atkinson, A, B., et al. (1989). Trends in the Shares of Top Wealth-Holders in Britain, 1923-1981. ""Oxford Bulletin of Economics and Statistics, 51(3), 315–332. https://doi.org/10.1111/j.1468-0084.1989.mp51003006.x.",https://citeseerx.ist.psu.edu/viewdoc/download?doi=10.1.1.598.368&rep=rep1&type=pdf
UK,"Atkinson, A. B., & Micklewright, J. (1992). Transformation in Eastern Europe and the Distribution of Income. Cambridge University Press.","https://books.google.co.uk/books?hl=en&lr=&id=zaL4CGdjOkUC&oi=fnd&pg=PR8&dq=Atkinson,+A+B+and+Micklewright,+J,+1992,+Economic+transformation+in+Eastern+Europe+and+the+distribution+of+income&ots=RGvaphqz7O&sig=C-MM0o3b7NTTQ2-E16K7N7n5bV0&redir_esc=y#v=onepage&q=Atkinson%2C%20A%20B%20and%20Micklewright%2C%20J%2C%201992%2C%20Economic%20transformation%20in%20Eastern%20Europe%20and%20the%20distribution%20of%20income&f=false"
UK,"Blanchet, T., et al. (2020). Why Is Europe More Equal than the United States? ""WID.world"". Retrieved from https://wid.world/document/why-is-europe-more-equal-than-the-united-states-world-inequality-lab-wp-2020-19/.",https://wid.world/document/why-is-europe-more-equal-than-the-united-states-world-inequality-lab-wp-2020-19/
UK,"Blanchet, T., & Martínez-Toledano, C. (2022). Distributional Wealth Accounts in Europe: Methodology. ""WID.world"". Retrieved from http://wordpress.wid.world/document/distributional-financial-accounts-in-europe-world-inequality-lab-technical-note-2021-12/.",http://wordpress.wid.world/document/distributional-financial-accounts-in-europe-world-inequality-lab-technical-note-2021-12/
UK,Royal Commission on the Distribution of Income and Wealth. (1979). Report No. 7: Fourth Report on the Standing Reference (Cmnd. 7595).,https://discovery.nationalarchives.gov.uk/details/r/C633528
US,"Atkinson, A. B. (2008). ""The Changing Distribution of earnings in OECD countries"". Oxford University Press.",https://books.google.com/books/about/Top_Incomes.html?id=zLQUDAAAQBAJ
US,"Brandolini, A. (1998). A bird’s-eye view of long-run changes in income inequality. ""Bank of Italy"".",
US,"Bricker, J., et al. (2015). Measuring Income and Wealth at the Top Using Administrative and Survey Data. ""Brookings Papers on Economic Activity"", 261–331.",https://www.federalreserve.gov/econres/feds/measuring-income-and-wealth-at-the-top-using-administrative-and-survey-data.htm
US,"Budd, E. C. (1970). Postwar Changes in the Size Distribution of Income in the US. ""The American Economic Review 60(2)"", 247-260.",https://www.jstor.org/stable/1815814
US,"Fisher, G. (1986). Estimates of the poverty population under the current official definition for years before 1959. Office of the Assistant Secretary for Planning and Evaluation, U.S. Department of Health and Human Services.",
US,"Goldin, C. & Margo, R. A. (1992). The Great Compression: The wage structure of the United States at mid-century. ""Quarterly Journal of Economics, 107"", 1-34.",https://www.jstor.org/stable/2118322
US,"Goldsmith, S. F. (1958). The Relation of Census Income Distribution Statistics to Other Income Data. ""An Appraisal of the 1950 Census Income Data, Studies in Income and Wealth, 23"" 65-107. Princeton University Press.",
US,"Karoly, L. A. (1992). The trend in inequality among families, individuals, and workers in the United States: A twenty-five-year perspective. Rand.",https://www.rand.org/content/dam/rand/pubs/reports/2008/R4206.pdf
US,"Kennickell, A. B. (2009). Ponds and streams: Wealth and income in the U.S., 1989 to 2007. ""Finance and Economics Discussion Series, Federal Reserve Board"".",
US,"Kennickell, A. B. (2011). Tossed and turned: Wealth dynamics of U.S. households 2007-2009. ""Finance and Economics Discussion Series, Federal Reserve Board"".",
US,"Kopczuk, W. & Saez, E. (2004). Top wealth shares in the US, 1916-2000: Evidence from the Estate Tax returns. ""National Tax Journal, 57"".",https://www.nber.org/papers/w10399
US,"Khun, M., et al. (2017). Income and Wealth Inequality in America,1949-2013. mimeo.",https://www.wiwi.uni-bonn.de/kuhn/paper/Wealthinequality_20March2017.pdf
US,"Leven, M., et al. (1934). America's capacity to consume. ""Brooking Institution"".",https://dspace.gipe.ac.in/xmlui/bitstream/handle/10973/24835/GIPE-010404.pdf?sequence=3
US,"Meyer, B., & Sullivan, J. (2010). Five decades of consumption and income poverty. ""Working Paper #09.07"". The Harris School of Public Policy Studies, University Of Chicago.",
US,"Mitchell, W. et al. (1921). Income in the United States: Its amount and distribution 1909-1919. Harcourt, Brace.",
US,"Piketty, T., et al. (2016). Distributional National Accounts: Methods and Estimates for the United States Data Appendix. ""WID.world"". Retrieved from https://wid.world/document/t-piketty-e-saez-g-zucman-data-appendix-to-distributional-national-accounts-methods-and-estimates-for-the-united-states-2016/.",https://wid.world/document/t-piketty-e-saez-g-zucman-data-appendix-to-distributional-national-accounts-methods-and-estimates-for-the-united-states-2016/
US,"Saez, E., & Zucman, G. (2016). Wealth inequality in the United States since 1913: Evidence from capitalized income tax data. ""Quarterly Journal of Economics, 131"", 519-578.",https://academic.oup.com/qje/article/131/2/519/2607097
US,"Saez, E., & Zucman, G. (2020). The Rise of Income and Wealth Inequality in America: Evidence from Distributional Macroeconomic Accounts. ""WID.world"". Retrieved from https://wid.world/wp-content/uploads/2020/10/WorldInequalityLab_WP2020_20_US-IncomeWealthInequality.pdf.",https://wid.world/wp-content/uploads/2020/10/WorldInequalityLab_WP2020_20_US-IncomeWealthInequality.pdf
